id,title,description,rating,poster_url,backdrop_url,backdrop_urls,collage,dominant_colors
278,The Shawshank Redemption,"Imprisoned in the 1940s for the double murder of his wife and her lover, upstanding banker Andy Dufresne begins a new life at the Shawshank prison, where he puts his accounting skills to work for an amoral warden. During his long stretch in prison, Dufresne comes to be admired by the other inmates -- including an older prisoner named Red -- for his integrity and unquenchable sense of hope.",8.7,https://image.tmdb.org/t/p/w500/9cqNxx0GxF0bflZmeSMuL5tnGzr.jpg,https://image.tmdb.org/t/p/w1280/zfbjgQE1uSd9wiPTX4VzsLi0rGG.jpg,"['https://image.tmdb.org/t/p/w1280/ddzwhOgb35Ezu0t1Lo8J7wa2P65.jpg', 'https://image.tmdb.org/t/p/w1280/mz3bXh1VG4NvAfvAhS4UY2FVaK7.jpg', 'https://image.tmdb.org/t/p/w1280/crLfhuTYadl39DucKK8HcEJctIf.jpg', 'https://image.tmdb.org/t/p/w1280/swmgZbeiR1LeNeN3uJkyjr8bq8p.jpg', 'https://image.tmdb.org/t/p/w1280/yMXRZYGdFa8kcJN9ssl0zrmlhY5.jpg', 'https://image.tmdb.org/t/p/w1280/pNjh59JSxChQktamG3LMp9ZoQzp.jpg', 'https://image.tmdb.org/t/p/w1280/v8xVDqt8uCul3c3mgx4VpGCwxJC.jpg', 'https://image.tmdb.org/t/p/w1280/qCUjQId2jQS53edDKQXBJojd5sd.jpg', 'https://image.tmdb.org/t/p/w1280/rkIG2F13j9VXqs3Pez3yL9iXGBS.jpg', 'https://image.tmdb.org/t/p/w1280/n5QAkWiPPpPSZSMce5rpVb4LxbD.jpg']",<PIL.Image.Image image mode=RGB size=2000x450 at 0x15A0274AC90>,"[(46, 36, 36), (215, 185, 158), (138, 95, 72), (112, 127, 159), (156, 160, 167), (176, 80, 47)]"
238,The Godfather,"Spanning the years 1945 to 1955, a chronicle of the fictional Italian-American Corleone crime family. When organized crime family patriarch, Vito Corleone barely survives an attempt on his life, his youngest son, Michael steps in to take care of the would-be killers, launching a campaign of bloody revenge.",8.686,https://image.tmdb.org/t/p/w500/3bhkrj58Vtu7enYsRolD1fZdja1.jpg,https://image.tmdb.org/t/p/w1280/tmU7GeKVybMWFButWEGl2M4GeiP.jpg,"['https://image.tmdb.org/t/p/w1280/6DkOlkOteKN4FTpXr2ssOYEBBJM.jpg', 'https://image.tmdb.org/t/p/w1280/9EuFl42t6VDO1CMpQgbTyef0U22.jpg', 'https://image.tmdb.org/t/p/w1280/kCcuqeoIBgOzx8xbJVkmsUuG9nG.jpg', 'https://image.tmdb.org/t/p/w1280/yqQuFTLSm0d6zRH4qHkSRgdSy7R.jpg', 'https://image.tmdb.org/t/p/w1280/iXQs0uCURYYSycpSMaDhxwlTvye.jpg', 'https://image.tmdb.org/t/p/w1280/xzySXxTxPFvdbE4LCdGtQG4nvWv.jpg', 'https://image.tmdb.org/t/p/w1280/s9MpuZS7WWQyAwgoTL3faWq5ElM.jpg', 'https://image.tmdb.org/t/p/w1280/6a0XQCZ7tAKK1U7Lg8B35Gtpv4U.jpg', 'https://image.tmdb.org/t/p/w1280/xxEJySbPNyx9x4UDw3VGSuYF1OY.jpg', 'https://image.tmdb.org/t/p/w1280/7VrRna8S3x6xbijooeBmxqvHXiu.jpg']",<PIL.Image.Image image mode=RGB size=2000x450 at 0x15A7C850F20>,"[(37, 28, 21), (224, 207, 183), (126, 93, 69), (151, 151, 150), (188, 81, 22), (141, 138, 141)]"
240,The Godfather Part II,"In the continuing saga of the Corleone crime family, a young Vito Corleone grows up in Sicily and in 1910s New York. In the 1950s, Michael Corleone attempts to expand the family business into Las Vegas, Hollywood and Cuba.",8.571,https://image.tmdb.org/t/p/w500/hek3koDUyRQk7FIhPXsa6mT2Zc3.jpg,https://image.tmdb.org/t/p/w1280/kGzFbGhp99zva6oZODW5atUtnqi.jpg,"['https://image.tmdb.org/t/p/w1280/fqCCJISOQ6d42royYorl1b3ISwT.jpg', 'https://image.tmdb.org/t/p/w1280/u3B6X7z5rD6iNJfzXZkOCjUt4aI.jpg', 'https://image.tmdb.org/t/p/w1280/z5750rLJNOqSPXPUunM7blUFEdS.jpg', 'https://image.tmdb.org/t/p/w1280/39DfGG6d7N7I0aNqy0zfQqylxiR.jpg', 'https://image.tmdb.org/t/p/w1280/nwIHQFXP9NRbvVjypklRqO3mnSX.jpg', 'https://image.tmdb.org/t/p/w1280/9BczaTjwgV62DuwRT5E0ufphBgh.jpg', 'https://image.tmdb.org/t/p/w1280/5P2pI2wjYu7YqDaVRqbsmbDKkXa.jpg', 'https://image.tmdb.org/t/p/w1280/vynPIdUrgMD6PLh6vi5U3aYOujK.jpg', 'https://image.tmdb.org/t/p/w1280/nApiCimx9aUSpWJMadDOaJKPjHy.jpg', 'https://image.tmdb.org/t/p/w1280/uNlyrK0dEZ7YuwvcXSR4H12KfsJ.jpg']",<PIL.Image.Image image mode=RGB size=2000x450 at 0x15A769E1EB0>,"[(222, 183, 148), (49, 32, 20), (144, 102, 63), (147, 173, 177), (120, 136, 150), (105, 101, 76)]"
424,Schindler's List,The true story of how businessman Oskar Schindler saved over a thousand Jewish lives from the Nazis while they worked as slaves in his factory during World War II.,8.564,https://image.tmdb.org/t/p/w500/sF1U4EUQS8YHUYjNl3pMGNIQyr0.jpg,https://image.tmdb.org/t/p/w1280/zb6fM1CX41D9rF9hdgclu0peUmy.jpg,"['https://image.tmdb.org/t/p/w1280/xeDyrWmkmfxIzlgtTP0c09DFzcp.jpg', 'https://image.tmdb.org/t/p/w1280/rOcGMtqh0QMcgD7lWjUaWBuoO4S.jpg', 'https://image.tmdb.org/t/p/w1280/zb6fM1CX41D9rF9hdgclu0peUmy.jpg', 'https://image.tmdb.org/t/p/w1280/1tqW1AcidWRQgmKJH1yRX9cyYuz.jpg', 'https://image.tmdb.org/t/p/w1280/krd29d4EsYEah15ltNDYiJjeJ8R.jpg', 'https://image.tmdb.org/t/p/w1280/hvRwAUyoE6RIrNxDeEcJE8MK3Sb.jpg', 'https://image.tmdb.org/t/p/w1280/yP2FC9JYXlYnCgJgVEL7ckklM0q.jpg', 'https://image.tmdb.org/t/p/w1280/yvw5r9t9qDQds1yZLykkROQe7PG.jpg', 'https://image.tmdb.org/t/p/w1280/7LINUJsfHzKCQTqYmeti8NuXDUQ.jpg', 'https://image.tmdb.org/t/p/w1280/eyIDhc5OW7pTZnLsb2AzoTM4yAb.jpg']",<PIL.Image.Image image mode=RGB size=2000x450 at 0x15A7C7F3FB0>,"[(32, 32, 32), (199, 194, 190), (117, 113, 112), (147, 148, 147), (91, 92, 92), (139, 140, 148)]"
389,12 Angry Men,"The defense and the prosecution have rested and the jury is filing into the jury room to decide if a young Spanish-American is guilty or innocent of murdering his father. What begins as an open and shut case soon becomes a mini-drama of each of the jurors' prejudices and preconceptions about the trial, the accused, and each other.",8.548,https://image.tmdb.org/t/p/w500/ow3wq89wM8qd5X7hWKxiRfsFf9C.jpg,https://image.tmdb.org/t/p/w1280/bxgTSUenZDHNFerQ1whRKplrMKF.jpg,"['https://image.tmdb.org/t/p/w1280/tJ1kXgmW9izwKcQ1q3QKPjnH84L.jpg', 'https://image.tmdb.org/t/p/w1280/xboJhTkm732VxPDIBqEPF1wk8Be.jpg', 'https://image.tmdb.org/t/p/w1280/9OI1vke0bNdyYDHa6MpIZJ1q2jO.jpg', 'https://image.tmdb.org/t/p/w1280/i4bMyXGs6GV2oFpAEG1yFAQ5uC3.jpg', 'https://image.tmdb.org/t/p/w1280/oFuAMAoAEQEAs6bD87Q8BxrAgMf.jpg', 'https://image.tmdb.org/t/p/w1280/mSF17lWYr3rbVeyKNYt3HXJtUXO.jpg', 'https://image.tmdb.org/t/p/w1280/5nt2ImSfBaf8rnuukYeb9gwhg65.jpg', 'https://image.tmdb.org/t/p/w1280/g3xNKYOq9RgpSWHs4LWodOqMkyv.jpg', 'https://image.tmdb.org/t/p/w1280/jIAVPutvymO1W45C2NkmQaFb8pz.jpg', 'https://image.tmdb.org/t/p/w1280/mXvlJgSiV5krqYnrlMMic5eUfGK.jpg']",<PIL.Image.Image image mode=RGB size=2000x450 at 0x15A7C8A8F20>,"[(210, 163, 134), (35, 35, 35), (132, 78, 75), (151, 151, 151), (95, 95, 95), (151, 133, 151)]"
129,Spirited Away,"A young girl, Chihiro, becomes trapped in a strange new world of spirits. When her parents undergo a mysterious transformation, she must call upon the courage she never knew she had to free her family.",8.537,https://image.tmdb.org/t/p/w500/39wmItIWsg5sZMyRUHLkWBcuVCM.jpg,https://image.tmdb.org/t/p/w1280/m4TUa2ciEWSlk37rOsjiSIvZDXE.jpg,"['https://image.tmdb.org/t/p/w1280/b34rAQGpY5DMp2f34bwfJAyDE4C.jpg', 'https://image.tmdb.org/t/p/w1280/enjSvyTyOL4nA5qF1giVs7Q9FqF.jpg', 'https://image.tmdb.org/t/p/w1280/8h4qNVrjbg8s2vngnWe0i83XJ19.jpg', 'https://image.tmdb.org/t/p/w1280/b5xn9wkLWcJ5EGXLChtZVuoaJSU.jpg', 'https://image.tmdb.org/t/p/w1280/4S0ZG9pXL6ppIOjnuTVzkQU0hup.jpg', 'https://image.tmdb.org/t/p/w1280/ukfI9QkU1aIhOhKXYWE9n3z1mFR.jpg', 'https://image.tmdb.org/t/p/w1280/sRDfWh1x7qVi9R6Y86XVCQzSjVH.jpg', 'https://image.tmdb.org/t/p/w1280/eyaygChVcUyv2gOVAJl8OUwoYm2.jpg', 'https://image.tmdb.org/t/p/w1280/hMTqmWOrxwMMEKHfmLqBoEEULd4.jpg', 'https://image.tmdb.org/t/p/w1280/lfsl9b2cOApJro9jKu74CF8bX6b.jpg']",<PIL.Image.Image image mode=RGB size=2000x450 at 0x15A7C8DF440>,"[(209, 175, 162), (33, 40, 49), (123, 174, 183), (134, 94, 90), (96, 134, 186), (79, 128, 130)]"
155,The Dark Knight,"Batman raises the stakes in his war on crime. With the help of Lt. Jim Gordon and District Attorney Harvey Dent, Batman sets out to dismantle the remaining criminal organizations that plague the streets. The partnership proves to be effective, but they soon find themselves prey to a reign of chaos unleashed by a rising criminal mastermind known to the terrified citizens of Gotham as the Joker.",8.52,https://image.tmdb.org/t/p/w500/qJ2tW6WMUDux911r6m7haRef0WH.jpg,https://image.tmdb.org/t/p/w1280/enNubozHn9pXi0ycTVYUWfpHZm.jpg,"['https://image.tmdb.org/t/p/w1280/gJjZQUdtp16DBIH0f9TmR8iid1s.jpg', 'https://image.tmdb.org/t/p/w1280/lUqTG6rw55VYqy2HAjtzZL00j49.jpg', 'https://image.tmdb.org/t/p/w1280/plDp52MirFHc2PMJRMNWoG0kfr3.jpg', 'https://image.tmdb.org/t/p/w1280/cSQdkKYxi8kmOLf9BEEvnfwR42U.jpg', 'https://image.tmdb.org/t/p/w1280/kxCRNTZ96dbftDPt7SQWA3LQCiK.jpg', 'https://image.tmdb.org/t/p/w1280/adlPZoRdysBMVTSTsGamcn5apYt.jpg', 'https://image.tmdb.org/t/p/w1280/zxjiMh5jq8wEO8hrY820N77quHn.jpg', 'https://image.tmdb.org/t/p/w1280/dqK9Hag1054tghRQSqLSfrkvQnA.jpg', 'https://image.tmdb.org/t/p/w1280/oZIZTZFrFeg8oxgUnc7IdOBEODp.jpg', 'https://image.tmdb.org/t/p/w1280/qCpXai4ReDZoCwbvxwSB1mM03Fn.jpg']",<PIL.Image.Image image mode=RGB size=2000x450 at 0x15A7C5F3080>,"[(198, 180, 160), (21, 25, 27), (89, 165, 174), (68, 108, 108), (61, 131, 154), (23, 72, 100)]"
19404,Dilwale Dulhania Le Jayenge,"Raj is a rich, carefree, happy-go-lucky second generation NRI. Simran is the daughter of Chaudhary Baldev Singh, who in spite of being an NRI is very strict about adherence to Indian values. Simran has left for India to be married to her childhood fiancé. Raj leaves for India with a mission at his hands, to claim his lady love under the noses of her whole family. Thus begins a saga.",8.517,https://image.tmdb.org/t/p/w500/2CAL2433ZeIihfX1Hb2139CX0pW.jpg,https://image.tmdb.org/t/p/w1280/90ez6ArvpO8bvpyIngBuwXOqJm5.jpg,"['https://image.tmdb.org/t/p/w1280/Vxj4zp30GURWQx3m0rI1duaIIQ.jpg', 'https://image.tmdb.org/t/p/w1280/y5OmAHA05MQ7zu5EJDvBfRpcv7.jpg', 'https://image.tmdb.org/t/p/w1280/cpTS80MJSdShOL8RRcyvm2Gnwte.jpg', 'https://image.tmdb.org/t/p/w1280/7aymHbF3cL8iofUBcUcFbGQEZ0V.jpg', 'https://image.tmdb.org/t/p/w1280/lUtat06wZ1JruZfTKHeCXsM4rO1.jpg', 'https://image.tmdb.org/t/p/w1280/oySdKIN58wUdKeR6xuKHC2YUzTk.jpg', 'https://image.tmdb.org/t/p/w1280/yDxCYYn3mW3z03Q2kP5HR56Ugnn.jpg', 'https://image.tmdb.org/t/p/w1280/pkUeXfp9KKCDssYqbtchG5qYl2e.jpg', 'https://image.tmdb.org/t/p/w1280/ipxY46PbOGoD4l9kEgR9ek3MoCS.jpg', 'https://image.tmdb.org/t/p/w1280/C3LsTrOOJv8tIUuGcriBXcbNa9.jpg']",<PIL.Image.Image image mode=RGB size=2000x450 at 0x15A7C804D40>,"[(37, 36, 29), (190, 141, 145), (125, 174, 173), (127, 92, 79), (101, 127, 175), (67, 118, 73)]"
497,The Green Mile,"A supernatural tale set on death row in a Southern prison, where gentle giant John Coffey possesses the mysterious power to heal people's ailments. When the cell block's head guard, Paul Edgecomb, recognizes Coffey's miraculous gift, he tries desperately to help stave off the condemned man's execution.",8.505,https://image.tmdb.org/t/p/w500/8VG8fDNiy50H4FedGwdSVUPoaJe.jpg,https://image.tmdb.org/t/p/w1280/amZavErrjrdgDwhsIdpWxHNenIx.jpg,"['https://image.tmdb.org/t/p/w1280/xt7WTyrCIhHC6wtjNTpufInfcuW.jpg', 'https://image.tmdb.org/t/p/w1280/lgJlu0Fp1mdTaFEeaQJ7DskhSOr.jpg', 'https://image.tmdb.org/t/p/w1280/xMIyotorUv2Yz7zpQz2QYc8wkWB.jpg', 'https://image.tmdb.org/t/p/w1280/3Njc7Yb8uiV9DszzZhryBNaiVkX.jpg', 'https://image.tmdb.org/t/p/w1280/iyB8QhHWVgKos1uofarHAhDYbfg.jpg', 'https://image.tmdb.org/t/p/w1280/l6hQWH9eDksNJNiXWYRkWqikOdu.jpg', 'https://image.tmdb.org/t/p/w1280/vxJ08SvwomfKbpboCWynC3uqUg4.jpg', 'https://image.tmdb.org/t/p/w1280/voDxAJ3mrnRVKenEgDjngB4UZ4A.jpg', 'https://image.tmdb.org/t/p/w1280/4DciiDvEMhQJyf4EaZErGjJZBAx.jpg', 'https://image.tmdb.org/t/p/w1280/atZiNaPy0ipzzvATo8wzBQ05MZx.jpg']",<PIL.Image.Image image mode=RGB size=2000x450 at 0x15A7C6D69F0>,"[(193, 148, 108), (22, 23, 20), (108, 77, 53), (68, 86, 72), (136, 150, 109), (53, 111, 150)]"
496243,Parasite,"All unemployed, Ki-taek's family takes peculiar interest in the wealthy and glamorous Parks for their livelihood until they get entangled in an unexpected incident.",8.499,https://image.tmdb.org/t/p/w500/7IiTTgloJzvGI1TAYymCfbfl3vT.jpg,https://image.tmdb.org/t/p/w1280/hiKmpZMGZsrkA3cdce8a7Dpos1j.jpg,"['https://image.tmdb.org/t/p/w1280/5CPxIddxBUyymTYKtuiBcs4XhTu.jpg', 'https://image.tmdb.org/t/p/w1280/qM6jxoWrqbw27gVQLWfZvgUeWSv.jpg', 'https://image.tmdb.org/t/p/w1280/zTswYrbq8VEh6KKS8fwtRCBABfr.jpg', 'https://image.tmdb.org/t/p/w1280/xOXIXRH6F2CDeEPwVSBe6y2v25V.jpg', 'https://image.tmdb.org/t/p/w1280/qcVKFJsRccdWSIWc42tWBjob7z5.jpg', 'https://image.tmdb.org/t/p/w1280/fsu7oo8JikEIj2I6nRSnruGx3Es.jpg', 'https://image.tmdb.org/t/p/w1280/5ZBtD6hkhXz4rM14FDoEwBYrSWA.jpg', 'https://image.tmdb.org/t/p/w1280/zNTUIqdRBQAI4aJBGhwGvd6KpvW.jpg', 'https://image.tmdb.org/t/p/w1280/zU255Wd4pqs8oAOk0P3oYqlVKXr.jpg', 'https://image.tmdb.org/t/p/w1280/zujv4xmQrwDGdJ4YGl9TxUnrFcF.jpg']",<PIL.Image.Image image mode=RGB size=2000x450 at 0x15A769E02F0>,"[(36, 35, 32), (187, 176, 160), (116, 103, 83), (131, 173, 177), (81, 110, 161), (81, 110, 101)]"
680,Pulp Fiction,"A burger-loving hit man, his philosophical partner, a drug-addled gangster's moll and a washed-up boxer converge in this sprawling, comedic crime caper. Their adventures unfurl in three stories that ingeniously trip back and forth in time.",8.488,https://image.tmdb.org/t/p/w500/vQWk5YBFWF4bZaofAbv0tShwBvQ.jpg,https://image.tmdb.org/t/p/w1280/suaEOtk1N1sgg2MTM7oZd2cfVp3.jpg,"['https://image.tmdb.org/t/p/w1280/w7RDIgQM6bLT7JXtH4iUQd3Iwxm.jpg', 'https://image.tmdb.org/t/p/w1280/suaEOtk1N1sgg2MTM7oZd2cfVp3.jpg', 'https://image.tmdb.org/t/p/w1280/yZnDozjJnYKlKKiYO7u2vmPWNcE.jpg', 'https://image.tmdb.org/t/p/w1280/5DijBIBF8NNH58732ri3LjKVd8u.jpg', 'https://image.tmdb.org/t/p/w1280/1E0njQyDCwmI0HHJezVhqEXf3yk.jpg', 'https://image.tmdb.org/t/p/w1280/jDIqSQypXDRK5Med9apMsO7r6k9.jpg', 'https://image.tmdb.org/t/p/w1280/czjqnVYybJjADnprrWAWmjNwaSn.jpg', 'https://image.tmdb.org/t/p/w1280/b7xjk18BaBpHTtv1r5XlgI5KGF3.jpg', 'https://image.tmdb.org/t/p/w1280/fkRif2ZH31wBmsIAlsSZZXhGuzy.jpg', 'https://image.tmdb.org/t/p/w1280/1z0Mh1mVuIkAEqMXDzJwRSiahLm.jpg']",<PIL.Image.Image image mode=RGB size=2000x450 at 0x15A7A14EFF0>,"[(25, 20, 21), (201, 168, 134), (117, 84, 65), (119, 146, 169), (95, 123, 171), (171, 32, 38)]"
122,The Lord of the Rings: The Return of the King,"As armies mass for a final battle that will decide the fate of the world--and powerful, ancient forces of Light and Dark compete to determine the outcome--one member of the Fellowship of the Ring is revealed as the noble heir to the throne of the Kings of Men. Yet, the sole hope for triumph over evil lies with a brave hobbit, Frodo, who, accompanied by his loyal friend Sam and the hideous, wretched Gollum, ventures deep into the very dark heart of Mordor on his seemingly impossible quest to destroy the Ring of Power.​",8.486,https://image.tmdb.org/t/p/w500/rCzpDGLbOoPwLjy3OAm5NUPOTrC.jpg,https://image.tmdb.org/t/p/w1280/2u7zbn8EudG6kLlBzUYqP8RyFU4.jpg,"['https://image.tmdb.org/t/p/w1280/5HdbXdgSle4TIlapT08fiafocm6.jpg', 'https://image.tmdb.org/t/p/w1280/zxWu2C9DOVaPrT1Yg2x2PbBo2p0.jpg', 'https://image.tmdb.org/t/p/w1280/1ohvEWEyzcrhgvLloXZZM5smcVi.jpg', 'https://image.tmdb.org/t/p/w1280/t5rEroXfV2RTw36im277QCB11Di.jpg', 'https://image.tmdb.org/t/p/w1280/g6DMMWXa69MIhSxbBnA6joKWOXd.jpg', 'https://image.tmdb.org/t/p/w1280/j6xCRki95l3oTEB7zB6jaXoWu3X.jpg', 'https://image.tmdb.org/t/p/w1280/9I3n4G2ckZJq8XMotcUWqPLGnhI.jpg', 'https://image.tmdb.org/t/p/w1280/lZWdNk6BsDZrSsZ0unHAsTFfFc4.jpg', 'https://image.tmdb.org/t/p/w1280/r7CBVOMqtZN8366bZIAyPPLB6iq.jpg', 'https://image.tmdb.org/t/p/w1280/9rhrE02uI9fwsdmddgmA3oo2oyH.jpg']",<PIL.Image.Image image mode=RGB size=2000x450 at 0x15A7C607590>,"[(46, 38, 29), (200, 173, 131), (133, 109, 78), (100, 105, 100), (130, 141, 155), (151, 160, 146)]"
372058,Your Name.,"High schoolers Mitsuha and Taki are complete strangers living separate lives. But one night, they suddenly switch places. Mitsuha wakes up in Taki’s body, and he in hers. This bizarre occurrence continues to happen randomly, and the two must adjust their lives around each other.",8.5,https://image.tmdb.org/t/p/w500/8GJsy7w7frGquw1cy9jasOGNNI1.jpg,https://image.tmdb.org/t/p/w1280/8x9iKH8kWA0zdkgNdpAew7OstYe.jpg,"['https://image.tmdb.org/t/p/w1280/qVG2Yd54zv8XCK87vPqTfPLNMuj.jpg', 'https://image.tmdb.org/t/p/w1280/2HjZoV9LalaWckmYACNOq7GDCiC.jpg', 'https://image.tmdb.org/t/p/w1280/ax3WG7bJ24QYvAJkiZOROLNM50T.jpg', 'https://image.tmdb.org/t/p/w1280/iCk0GuGYcmyKbfZIIs3ZCFs5CAv.jpg', 'https://image.tmdb.org/t/p/w1280/olDiGphkdgYMlp3LFhftNoDNych.jpg', 'https://image.tmdb.org/t/p/w1280/j5KH4hjhFl5hVkJtOsQKx9bNDWa.jpg', 'https://image.tmdb.org/t/p/w1280/wNInB2JyuEEkRCPovAXW3aNQPjk.jpg', 'https://image.tmdb.org/t/p/w1280/lHSO3iZ1XUnR03B6rZzrZsgSn6o.jpg', 'https://image.tmdb.org/t/p/w1280/AfXdkBDuKyR6WXcyiXaVHeTZokX.jpg', 'https://image.tmdb.org/t/p/w1280/de6skzU80j6GivJGTLC1cCZKaUB.jpg']",<PIL.Image.Image image mode=RGB size=2000x450 at 0x15A7B228470>,"[(57, 69, 96), (200, 180, 183), (134, 188, 209), (123, 136, 143), (91, 133, 194), (20, 17, 23)]"
13,Forrest Gump,"A man with a low IQ has accomplished great things in his life and been present during significant historic events—in each case, far exceeding what anyone imagined he could do. But despite all he has achieved, his one true love eludes him.",8.468,https://image.tmdb.org/t/p/w500/arw2vcBveWOVZr6pxd9XTd1TdQa.jpg,https://image.tmdb.org/t/p/w1280/tlEFuIlaxRPXIYVHXbOSAMCfWqk.jpg,"['https://image.tmdb.org/t/p/w1280/tNVTWNa8cxZLw7aWvHzSDLyc7ig.jpg', 'https://image.tmdb.org/t/p/w1280/6I3CNvMMAvR0IHRZSgNfpRgtje0.jpg', 'https://image.tmdb.org/t/p/w1280/rgz51ESlPANtfy1PUsYItTi1HaB.jpg', 'https://image.tmdb.org/t/p/w1280/esIkb7Wkfk016ZNpqX24w0gbgkb.jpg', 'https://image.tmdb.org/t/p/w1280/qHhBE80c4vCeHSXYjOFgMFBRiTa.jpg', 'https://image.tmdb.org/t/p/w1280/6VcfHAdYmdYgSm6ynqREu0NAAlJ.jpg', 'https://image.tmdb.org/t/p/w1280/oCz8NyhkIhMxn3I8EHC1CQU9Qdm.jpg', 'https://image.tmdb.org/t/p/w1280/8CNW6B64mgRwGglFP9cUmOrCmb6.jpg', 'https://image.tmdb.org/t/p/w1280/9BOpNgDJLRnGNKojtMCsVJmMwli.jpg', 'https://image.tmdb.org/t/p/w1280/2xnMySS8dAYjmQLdbmK5FI7MRMB.jpg']",<PIL.Image.Image image mode=RGB size=2000x450 at 0x15A7C8A8470>,"[(153, 176, 197), (33, 39, 42), (86, 61, 58), (116, 100, 83), (234, 233, 234), (106, 106, 131)]"
429,"The Good, the Bad and the Ugly","While the Civil War rages on between the Union and the Confederacy, three men – a quiet loner, a ruthless hitman, and a Mexican bandit – comb the American Southwest in search of a strongbox containing $200,000 in stolen gold.",8.462,https://image.tmdb.org/t/p/w500/bX2xnavhMYjWDoZp1VM6VnU1xwe.jpg,https://image.tmdb.org/t/p/w1280/x4biAVdPVCghBlsVIzB6NmbghIz.jpg,"['https://image.tmdb.org/t/p/w1280/fOERrAVuCAuNV1F99w7sn75n5sN.jpg', 'https://image.tmdb.org/t/p/w1280/w6rS2h1tO5IEVCjIiMxdI40F9RQ.jpg', 'https://image.tmdb.org/t/p/w1280/tJB15IoRges7278L63Z8ElyA6cR.jpg', 'https://image.tmdb.org/t/p/w1280/nF80D0AeYGoVMMu0KGfmk7IyBnJ.jpg', 'https://image.tmdb.org/t/p/w1280/3ComlDyLUTvJdKJlxR5vXgMBoBo.jpg', 'https://image.tmdb.org/t/p/w1280/50SoDtrqZ4FthISwq32hhfxEfGe.jpg', 'https://image.tmdb.org/t/p/w1280/4XeiqSad53XHOnhyqagkQgIVyPb.jpg', 'https://image.tmdb.org/t/p/w1280/rF3qv7QBBsKD2gHhP0JFXdfxx4p.jpg', 'https://image.tmdb.org/t/p/w1280/8pSdqU4CMSEliXDvArc2MVjxwP6.jpg', 'https://image.tmdb.org/t/p/w1280/pS2887Vl3E0DSE1DsGcW8NTB4x6.jpg']",<PIL.Image.Image image mode=RGB size=2000x450 at 0x15A7C7F3410>,"[(241, 231, 227), (51, 39, 27), (171, 181, 187), (157, 122, 91), (120, 108, 88), (129, 149, 170)]"
346,Seven Samurai,"A samurai answers a village's request for protection after he falls on hard times. The town needs protection from bandits, so the samurai gathers six others to help him teach the people how to defend themselves, and the villagers provide the soldiers with food.",8.456,https://image.tmdb.org/t/p/w500/8OKmBV5BUFzmozIC3pPWKHy17kx.jpg,https://image.tmdb.org/t/p/w1280/sJNNMCc6B7KZIY3LH3JMYJJNH5j.jpg,"['https://image.tmdb.org/t/p/w1280/fANI8642Hb5Aw6G7j4toTpnQRBT.jpg', 'https://image.tmdb.org/t/p/w1280/dgzTmu3Ag28dcb75DLbJT1xkSUf.jpg', 'https://image.tmdb.org/t/p/w1280/yXZGgqjlM93PdNEbtfU05CKGVYh.jpg', 'https://image.tmdb.org/t/p/w1280/bTGczYh4GSFjAPRrIb9oCi7CkSq.jpg', 'https://image.tmdb.org/t/p/w1280/1XbxEuYvo92KGiChFATvI0dDOlN.jpg', 'https://image.tmdb.org/t/p/w1280/v6sVRa03SBAoZP5ZLbTWTb1vk28.jpg', 'https://image.tmdb.org/t/p/w1280/lXGUrywwRmZi6JtNxGf2e3ZWi44.jpg', 'https://image.tmdb.org/t/p/w1280/62J0ySEH4C7FFknGLvCzWbOJSQL.jpg', 'https://image.tmdb.org/t/p/w1280/yOxE4IL9oQc8OQu3AwJdKCmLDwN.jpg', 'https://image.tmdb.org/t/p/w1280/mzI1JXm8sX5fia3ifPS2jGPUh2n.jpg']",<PIL.Image.Image image mode=RGB size=2000x450 at 0x15A78043140>,"[(38, 38, 38), (200, 201, 201), (128, 128, 128), (155, 156, 156), (99, 100, 100), (147, 148, 156)]"
157336,Interstellar,The adventures of a group of explorers who make use of a newly discovered wormhole to surpass the limitations on human space travel and conquer the vast distances involved in an interstellar voyage.,8.455,https://image.tmdb.org/t/p/w500/gEU2QniE6E77NI6lCU6MxlNBvIx.jpg,https://image.tmdb.org/t/p/w1280/l33oR0mnvf20avWyIMxW02EtQxn.jpg,"['https://image.tmdb.org/t/p/w1280/c9nffAOsDk92kkCia4OgkTwRs0Q.jpg', 'https://image.tmdb.org/t/p/w1280/55OBm4IfDdm7ZfpGNPR4t0u6smd.jpg', 'https://image.tmdb.org/t/p/w1280/yUa0iCocBPsGJ79BwrshHqz45Qc.jpg', 'https://image.tmdb.org/t/p/w1280/mPqKyZY6YnHJVXZJ0eo7VtTPWBG.jpg', 'https://image.tmdb.org/t/p/w1280/pOvgpLgOO84GTqgwFpE5W4OBIBa.jpg', 'https://image.tmdb.org/t/p/w1280/w7F97hhhUPLVPWERoYGAiZrQpsz.jpg', 'https://image.tmdb.org/t/p/w1280/biI2YGAROnryzkyfxa6hXppo8Dn.jpg', 'https://image.tmdb.org/t/p/w1280/9wGFIOT7p95AJQjiDNK1lj7AKbz.jpg', 'https://image.tmdb.org/t/p/w1280/dvZLm08ByFQqksGFthAk3an87ou.jpg', 'https://image.tmdb.org/t/p/w1280/zXevfG1GIYncK4oxXnDkvRBKx5W.jpg']",<PIL.Image.Image image mode=RGB size=2000x450 at 0x15A7A14CDD0>,"[(22, 29, 32), (203, 197, 187), (140, 159, 164), (117, 109, 101), (98, 133, 152), (166, 100, 73)]"
769,GoodFellas,"The true story of Henry Hill, a half-Irish, half-Sicilian Brooklyn kid who is adopted by neighbourhood gangsters at an early age and climbs the ranks of a Mafia family under the guidance of Jimmy Conway.",8.455,https://image.tmdb.org/t/p/w500/aKuFiU82s5ISJpGZp7YkIr3kCUd.jpg,https://image.tmdb.org/t/p/w1280/7TF4p86ZafnxFuNqWdhpHXFO244.jpg,"['https://image.tmdb.org/t/p/w1280/czccPMtb0ob8NULTN4IxtgQZFEx.jpg', 'https://image.tmdb.org/t/p/w1280/yn2mWjkhy5MbIKg12MnYlX6q7NL.jpg', 'https://image.tmdb.org/t/p/w1280/5Fxm7OxyKw3jmdutZIFDs4aPM3G.jpg', 'https://image.tmdb.org/t/p/w1280/gAExVzTezNr0FwmsZ9bscF2rNgD.jpg', 'https://image.tmdb.org/t/p/w1280/9qcWtFywaIc8geDZ9Y7r6ONuYY7.jpg', 'https://image.tmdb.org/t/p/w1280/vJR7Kepr6t6fe9quClc8B5JPADA.jpg', 'https://image.tmdb.org/t/p/w1280/kK5sRTQ2WfcrZNTAfd2zZlDrWOL.jpg', 'https://image.tmdb.org/t/p/w1280/qfZ1l7ySLkkveCg5btB9G6QmYXg.jpg', 'https://image.tmdb.org/t/p/w1280/44RvjVOt2YGzhVmNWKDABGGkuKf.jpg', 'https://image.tmdb.org/t/p/w1280/rszNCG45TAWWquyzJ8CUUxsrEgN.jpg']",<PIL.Image.Image image mode=RGB size=2000x450 at 0x15A7C8DFE60>,"[(187, 154, 137), (21, 15, 14), (106, 81, 72), (126, 154, 172), (104, 125, 147), (67, 81, 84)]"
12477,Grave of the Fireflies,"In the final months of World War II, 14-year-old Seita and his sister Setsuko are orphaned when their mother is killed during an air raid in Kobe, Japan. After a falling out with their aunt, they move into an abandoned bomb shelter. With no surviving relatives and their emergency rations depleted, Seita and Setsuko struggle to survive.",8.449,https://image.tmdb.org/t/p/w500/k9tv1rXZbOhH7eiCk378x61kNQ1.jpg,https://image.tmdb.org/t/p/w1280/tDFvXn4tane9lUvFAFAUkMylwSr.jpg,"['https://image.tmdb.org/t/p/w1280/aHaqZpOL7UyVu0nKqp3SMz0o2E1.jpg', 'https://image.tmdb.org/t/p/w1280/x5SRTwGtATzvFjRZXJxmitfqH4y.jpg', 'https://image.tmdb.org/t/p/w1280/34vC3YlLmcd1ks0Otsh4y5D0ohv.jpg', 'https://image.tmdb.org/t/p/w1280/ckEU12Q6tll3CWZbnvqR2VxiuOR.jpg', 'https://image.tmdb.org/t/p/w1280/tDFvXn4tane9lUvFAFAUkMylwSr.jpg', 'https://image.tmdb.org/t/p/w1280/WGoLeQbnLLHWu6d5KwUHUdrgvg.jpg', 'https://image.tmdb.org/t/p/w1280/dlC0ed9Ugh3FzydnkBtV5lRXUu4.jpg', 'https://image.tmdb.org/t/p/w1280/gwj4R8Uy1GwejKqfofREKI9Jh7L.jpg', 'https://image.tmdb.org/t/p/w1280/wSSc4cATq3mva6H2o12GC4FZbWy.jpg', 'https://image.tmdb.org/t/p/w1280/aRjaC1snuhEd5wPK6wl4C9eqVKh.jpg']",<PIL.Image.Image image mode=RGB size=2000x450 at 0x15A7C606F00>,"[(21, 17, 20), (201, 166, 129), (77, 151, 158), (108, 74, 57), (70, 119, 155), (160, 59, 36)]"
637,Life Is Beautiful,A touching story of an Italian book seller of Jewish ancestry who lives in his own little fairy tale. His creative and happy life would come to an abrupt halt when his entire family is deported to a concentration camp during World War II. While locked up he tries to convince his son that the whole thing is just a game.,8.447,https://image.tmdb.org/t/p/w500/74hLDKjD5aGYOotO6esUVaeISa2.jpg,https://image.tmdb.org/t/p/w1280/6aNKD81RHR1DqUUa8kOZ1TBY1Lp.jpg,"['https://image.tmdb.org/t/p/w1280/uF51dshysGir7YnWdfCNRPhirIv.jpg', 'https://image.tmdb.org/t/p/w1280/snx3DgqmvfPPLNt0BDhh1h0nZy7.jpg', 'https://image.tmdb.org/t/p/w1280/uPhy27HEw7OKNY9DGh1ddNMC9MR.jpg', 'https://image.tmdb.org/t/p/w1280/iHNCPtx0nDs6hIZvsUwHZZo1CE7.jpg', 'https://image.tmdb.org/t/p/w1280/tbJlC4u4qgsjg54M062dCptqtfq.jpg', 'https://image.tmdb.org/t/p/w1280/oc8RJGVXUCTqaixXxcf2BqeVEaf.jpg', 'https://image.tmdb.org/t/p/w1280/gavyCu1UaTaTNPsVaGXT6pe5u24.jpg', 'https://image.tmdb.org/t/p/w1280/e74xI5opwawXKOYX2UnttKrnPAn.jpg', 'https://image.tmdb.org/t/p/w1280/4G3V64uM9ZdxWOWozJMGPr5Mrwn.jpg', 'https://image.tmdb.org/t/p/w1280/r3XyIsh9nYW7v9Qt51NZ55J3jxQ.jpg']",<PIL.Image.Image image mode=RGB size=2000x450 at 0x15A7C5F2240>,"[(40, 41, 36), (225, 212, 205), (139, 116, 104), (158, 162, 158), (145, 135, 159), (197, 41, 59)]"
